﻿[{"id":"1","entity":"1","import_key":null,"array_options":[],"array_languages":null,"contacts_ids":null,"linked_objects":null,"linkedObjectsIds":null,"canvas":null,"fk_project":null,"contact_id":null,"user":null,"origin":null,"origin_id":null,"ref":"1","ref_ext":null,"statut":null,"status":"1","country_id":null,"country_code":"","state_id":null,"region_id":null,"barcode_type":null,"barcode_type_coder":null,"mode_reglement_id":null,"cond_reglement_id":null,"demand_reason_id":null,"transport_mode_id":null,"shipping_method_id":null,"model_pdf":"","last_main_doc":null,"fk_bank":null,"fk_account":"0","note_public":null,"note_private":null,"name":"DemoClient LLC","lastname":null,"firstname":null,"civility_id":null,"date_creation":1762688573,"date_validation":null,"date_modification":1762688573,"date_cloture":null,"user_author":null,"user_creation":"1","user_creation_id":null,"user_valid":null,"user_validation":null,"user_validation_id":null,"user_closing_id":null,"user_modification":"1","user_modification_id":null,"specimen":0,"module":"societe","name_alias":"","address":"","zip":null,"town":null,"phone":null,"fax":null,"email":null,"socialnetworks":[],"url":null,"barcode":null,"idprof1":"","idprof2":"","idprof3":"","idprof4":"","idprof5":"","idprof6":"","tva_assuj":"1","tva_intra":"","localtax1_assuj":null,"localtax1_value":"0.0000","localtax2_assuj":null,"localtax2_value":"0.0000","managers":null,"capital":null,"typent_id":"0","typent_code":null,"effectif":"","effectif_id":null,"forme_juridique_code":null,"forme_juridique":"","remise_percent":0,"remise_supplier_percent":"0","deposit_percent":null,"mode_reglement_supplier_id":null,"cond_reglement_supplier_id":null,"transport_mode_supplier_id":null,"fk_prospectlevel":"","client":"1","prospect":0,"fournisseur":"0","code_client":"DEM001","code_fournisseur":null,"code_compta_client":null,"code_compta":null,"accountancy_code_customer":null,"code_compta_fournisseur":null,"accountancy_code_supplier":null,"code_compta_product":null,"stcomm_id":"0","stcomm_picto":null,"status_prospect_label":"Never contacted","price_level":null,"outstanding_limit":null,"order_min_amount":null,"supplier_order_min_amount":null,"parent":null,"default_lang":null,"webservices_url":null,"webservices_key":null,"logo":null,"logo_small":null,"logo_mini":null,"logo_squarred":null,"logo_squarred_small":null,"logo_squarred_mini":null,"accountancy_code_sell":"","accountancy_code_buy":"","fk_multicurrency":"0","fk_warehouse":null,"multicurrency_code":"","no_email":null,"partnerships":[],"bank_account":null,"fk_incoterms":"0","label_incoterms":null,"location_incoterms":null}]
