﻿[{"id":"1","entity":"1","import_key":null,"array_options":[],"array_languages":null,"contacts_ids":[],"linked_objects":[],"linkedObjectsIds":null,"fk_project":null,"contact_id":null,"user":null,"origin":null,"origin_id":null,"ref":"(PROV1)","ref_ext":null,"statut":"0","status":"0","country_id":null,"country_code":null,"state_id":null,"region_id":null,"mode_reglement_id":"1","cond_reglement_id":"1","demand_reason_id":null,"transport_mode_id":null,"shipping_method_id":null,"model_pdf":null,"last_main_doc":null,"fk_bank":null,"fk_account":null,"note_public":null,"note_private":null,"total_ht":"0.00000000","total_tva":"0.00000000","total_localtax1":"0.00000000","total_localtax2":"0.00000000","total_ttc":"0.00000000","lines":[],"name":null,"lastname":null,"firstname":null,"civility_id":null,"date_creation":1762688573,"date_validation":"","date_modification":1762688573,"date_cloture":null,"user_author":"1","user_creation":null,"user_creation_id":null,"user_valid":null,"user_validation":null,"user_validation_id":null,"user_closing_id":null,"user_modification":null,"user_modification_id":null,"specimen":0,"totalpaid":0,"totaldeposits":null,"totalcreditnotes":null,"sumpayed":null,"sumpayed_multicurrency":null,"sumdeposit":null,"sumdeposit_multicurrency":null,"sumcreditnote":null,"sumcreditnote_multicurrency":null,"remaintopay":"0","fk_incoterms":"0","label_incoterms":null,"location_incoterms":"","brouillon":1,"socid":"1","fk_user_author":"1","fk_user_valid":null,"fk_user_modif":null,"date":1762646400,"datem":1762688573,"date_livraison":null,"delivery_date":null,"ref_client":null,"ref_customer":null,"type":"0","remise_absolue":null,"remise_percent":null,"revenuestamp":"0.00000000","resteapayer":null,"close_code":null,"close_note":null,"paye":"0","module_source":null,"pos_source":null,"fk_fac_rec_source":null,"fk_facture_source":null,"date_lim_reglement":1762732800,"cond_reglement_code":"RECEP","mode_reglement_code":"TIP","line":null,"extraparams":[],"fac_rec":null,"date_pointoftax":"","fk_multicurrency":"0","multicurrency_code":"EUR","multicurrency_tx":"1.00000000","multicurrency_total_ht":"0.00000000","multicurrency_total_tva":"0.00000000","multicurrency_total_ttc":"0.00000000","situation_cycle_ref":null,"situation_counter":null,"situation_final":"0","tab_previous_situation_invoice":[],"tab_next_situation_invoice":[],"retained_warranty":"0","retained_warranty_date_limit":"","retained_warranty_fk_cond_reglement":"0","cond_reglement_doc":"Due upon receipt"},{"id":"2","entity":"1","import_key":null,"array_options":[],"array_languages":null,"contacts_ids":[],"linked_objects":[],"linkedObjectsIds":null,"fk_project":null,"contact_id":null,"user":null,"origin":null,"origin_id":null,"ref":"(PROV2)","ref_ext":null,"statut":"0","status":"0","country_id":null,"country_code":null,"state_id":null,"region_id":null,"mode_reglement_id":"1","cond_reglement_id":"1","demand_reason_id":null,"transport_mode_id":null,"shipping_method_id":null,"model_pdf":null,"last_main_doc":null,"fk_bank":null,"fk_account":null,"note_public":null,"note_private":null,"total_ht":"0.00000000","total_tva":"0.00000000","total_localtax1":"0.00000000","total_localtax2":"0.00000000","total_ttc":"0.00000000","lines":[],"name":null,"lastname":null,"firstname":null,"civility_id":null,"date_creation":1762718728,"date_validation":"","date_modification":1762718728,"date_cloture":null,"user_author":"1","user_creation":null,"user_creation_id":null,"user_valid":null,"user_validation":null,"user_validation_id":null,"user_closing_id":null,"user_modification":null,"user_modification_id":null,"specimen":0,"totalpaid":0,"totaldeposits":null,"totalcreditnotes":null,"sumpayed":null,"sumpayed_multicurrency":null,"sumdeposit":null,"sumdeposit_multicurrency":null,"sumcreditnote":null,"sumcreditnote_multicurrency":null,"remaintopay":"0","fk_incoterms":"0","label_incoterms":null,"location_incoterms":"","brouillon":1,"socid":"1","fk_user_author":"1","fk_user_valid":null,"fk_user_modif":null,"date":1762646400,"datem":1762718728,"date_livraison":null,"delivery_date":null,"ref_client":null,"ref_customer":null,"type":"0","remise_absolue":null,"remise_percent":null,"revenuestamp":"0.00000000","resteapayer":null,"close_code":null,"close_note":null,"paye":"0","module_source":null,"pos_source":null,"fk_fac_rec_source":null,"fk_facture_source":null,"date_lim_reglement":1762732800,"cond_reglement_code":"RECEP","mode_reglement_code":"TIP","line":null,"extraparams":[],"fac_rec":null,"date_pointoftax":"","fk_multicurrency":"0","multicurrency_code":"EUR","multicurrency_tx":"1.00000000","multicurrency_total_ht":"0.00000000","multicurrency_total_tva":"0.00000000","multicurrency_total_ttc":"0.00000000","situation_cycle_ref":null,"situation_counter":null,"situation_final":"0","tab_previous_situation_invoice":[],"tab_next_situation_invoice":[],"retained_warranty":"0","retained_warranty_date_limit":"","retained_warranty_fk_cond_reglement":"0","cond_reglement_doc":"Due upon receipt"}]
