{
  "users": [
    {
      "id": "1",
      "entity": "0",
      "import_key": null,
      "array_options": [],
      "array_languages": null,
      "contacts_ids": null,
      "linked_objects": null,
      "linkedObjectsIds": null,
      "canvas": null,
      "fk_project": null,
      "contact_id": null,
      "user": null,
      "origin": null,
      "origin_id": null,
      "ref": "1",
      "ref_ext": null,
      "statut": "1",
      "status": "1",
      "country_id": null,
      "country_code": "",
      "state_id": null,
      "region_id": null,
      "barcode_type": null,
      "barcode_type_coder": null,
      "mode_reglement_id": null,
      "cond_reglement_id": null,
      "demand_reason_id": null,
      "transport_mode_id": null,
      "last_main_doc": null,
      "fk_bank": null,
      "fk_account": null,
      "note_public": "",
      "note_private": "",
      "name": null,
      "lastname": "SuperAdmin",
      "firstname": "",
      "civility_id": null,
      "date_creation": null,
      "date_validation": null,
      "date_modification": null,
      "date_cloture": null,
      "user_author": null,
      "user_creation": null,
      "user_creation_id": null,
      "user_valid": null,
      "user_validation": null,
      "user_validation_id": null,
      "user_closing_id": null,
      "user_modification": null,
      "user_modification_id": null,
      "specimen": 0,
      "employee": "1",
      "civility_code": "",
      "gender": "",
      "birth": "",
      "email": "",
      "personal_email": "",
      "socialnetworks": [],
      "job": "",
      "signature": "",
      "address": "",
      "zip": "",
      "town": "",
      "office_phone": "",
      "office_fax": "",
      "user_mobile": "",
      "personal_mobile": "",
      "admin": "1",
      "login": "admin",
      "datec": "",
      "datem": 1762718715,
      "socid": null,
      "fk_member": null,
      "fk_user": null,
      "fk_user_expense_validator": null,
      "fk_user_holiday_validator": null,
      "clicktodial_url": null,
      "clicktodial_login": null,
      "clicktodial_poste": null,
      "datelastlogin": 1762717400,
      "datepreviouslogin": "",
      "iplastlogin": "172.19.0.1",
      "ippreviouslogin": null,
      "datestartvalidity": "",
      "dateendvalidity": "",
      "photo": null,
      "lang": null,
      "rights": {
        "user": {
          "user": {},
          "self": {},
          "user_advance": {},
          "self_advance": {},
          "group_advance": {}
        }
      },
      "user_group_list": null,
      "conf": {},
      "users": [],
      "parentof": null,
      "accountancy_code": "",
      "thm": null,
      "tjm": null,
      "salary": null,
      "salaryextra": null,
      "weeklyhours": null,
      "color": "",
      "dateemployment": "",
      "dateemploymentend": "",
      "default_c_exp_tax_cat": null,
      "ref_employee": "",
      "national_registration_number": "",
      "default_range": null,
      "fk_warehouse": null,
      "liste_limit": 0
    }
  ],
  "clients": [
    {
      "id": "1",
      "entity": "1",
      "import_key": null,
      "array_options": [],
      "array_languages": null,
      "contacts_ids": null,
      "linked_objects": null,
      "linkedObjectsIds": null,
      "canvas": null,
      "fk_project": null,
      "contact_id": null,
      "user": null,
      "origin": null,
      "origin_id": null,
      "ref": "1",
      "ref_ext": null,
      "statut": null,
      "status": "1",
      "country_id": null,
      "country_code": "",
      "state_id": null,
      "region_id": null,
      "barcode_type": null,
      "barcode_type_coder": null,
      "mode_reglement_id": null,
      "cond_reglement_id": null,
      "demand_reason_id": null,
      "transport_mode_id": null,
      "shipping_method_id": null,
      "model_pdf": "",
      "last_main_doc": null,
      "fk_bank": null,
      "fk_account": "0",
      "note_public": null,
      "note_private": null,
      "name": "DemoClient LLC",
      "lastname": null,
      "firstname": null,
      "civility_id": null,
      "date_creation": 1762688573,
      "date_validation": null,
      "date_modification": 1762688573,
      "date_cloture": null,
      "user_author": null,
      "user_creation": "1",
      "user_creation_id": null,
      "user_valid": null,
      "user_validation": null,
      "user_validation_id": null,
      "user_closing_id": null,
      "user_modification": "1",
      "user_modification_id": null,
      "specimen": 0,
      "module": "societe",
      "name_alias": "",
      "address": "",
      "zip": null,
      "town": null,
      "phone": null,
      "fax": null,
      "email": null,
      "socialnetworks": [],
      "url": null,
      "barcode": null,
      "idprof1": "",
      "idprof2": "",
      "idprof3": "",
      "idprof4": "",
      "idprof5": "",
      "idprof6": "",
      "tva_assuj": "1",
      "tva_intra": "",
      "localtax1_assuj": null,
      "localtax1_value": "0.0000",
      "localtax2_assuj": null,
      "localtax2_value": "0.0000",
      "managers": null,
      "capital": null,
      "typent_id": "0",
      "typent_code": null,
      "effectif": "",
      "effectif_id": null,
      "forme_juridique_code": null,
      "forme_juridique": "",
      "remise_percent": 0,
      "remise_supplier_percent": "0",
      "deposit_percent": null,
      "mode_reglement_supplier_id": null,
      "cond_reglement_supplier_id": null,
      "transport_mode_supplier_id": null,
      "fk_prospectlevel": "",
      "client": "1",
      "prospect": 0,
      "fournisseur": "0",
      "code_client": "DEM001",
      "code_fournisseur": null,
      "code_compta_client": null,
      "code_compta": null,
      "accountancy_code_customer": null,
      "code_compta_fournisseur": null,
      "accountancy_code_supplier": null,
      "code_compta_product": null,
      "stcomm_id": "0",
      "stcomm_picto": null,
      "status_prospect_label": "Never contacted",
      "price_level": null,
      "outstanding_limit": null,
      "order_min_amount": null,
      "supplier_order_min_amount": null,
      "parent": null,
      "default_lang": null,
      "webservices_url": null,
      "webservices_key": null,
      "logo": null,
      "logo_small": null,
      "logo_mini": null,
      "logo_squarred": null,
      "logo_squarred_small": null,
      "logo_squarred_mini": null,
      "accountancy_code_sell": "",
      "accountancy_code_buy": "",
      "fk_multicurrency": "0",
      "fk_warehouse": null,
      "multicurrency_code": "",
      "no_email": null,
      "partnerships": [],
      "bank_account": null,
      "fk_incoterms": "0",
      "label_incoterms": null,
      "location_incoterms": null
    }
  ],
  "products": [
    {
      "id": "1",
      "entity": "1",
      "import_key": null,
      "array_options": [],
      "array_languages": null,
      "contacts_ids": null,
      "linked_objects": null,
      "linkedObjectsIds": null,
      "canvas": "",
      "ref": "CONSULT001",
      "ref_ext": null,
      "status": "0",
      "country_id": null,
      "country_code": "",
      "state_id": null,
      "region_id": null,
      "barcode_type": null,
      "barcode_type_coder": null,
      "last_main_doc": null,
      "note_public": null,
      "note_private": null,
      "total_ht": null,
      "total_tva": null,
      "total_localtax1": null,
      "total_localtax2": null,
      "total_ttc": null,
      "date_creation": "2025-11-09 11:42:53",
      "date_validation": null,
      "date_modification": "2025-11-09 11:42:53",
      "date_cloture": null,
      "user_author": null,
      "user_creation": null,
      "user_creation_id": null,
      "user_valid": null,
      "user_validation": null,
      "user_validation_id": null,
      "user_closing_id": null,
      "user_modification": null,
      "user_modification_id": null,
      "specimen": 0,
      "label": "Accounting service",
      "description": "",
      "other": null,
      "type": "1",
      "price": "1000.00000000",
      "price_formated": null,
      "price_ttc": "1000.00000000",
      "price_ttc_formated": null,
      "price_min": "0.00000000",
      "price_min_ttc": "0.00000000",
      "price_base_type": "",
      "multiprices": [],
      "multiprices_ttc": [],
      "multiprices_base_type": [],
      "multiprices_min": [],
      "multiprices_min_ttc": [],
      "multiprices_tva_tx": [],
      "prices_by_qty": [],
      "prices_by_qty_list": [],
      "multilangs": [],
      "default_vat_code": null,
      "tva_tx": "0.0000",
      "remise_percent": null,
      "localtax1_tx": "0.0000",
      "localtax2_tx": "0.0000",
      "localtax1_type": "0",
      "localtax2_type": "0",
      "desc_supplier": null,
      "vatrate_supplier": null,
      "default_vat_code_supplier": null,
      "fourn_multicurrency_price": null,
      "fourn_multicurrency_unitprice": null,
      "fourn_multicurrency_tx": null,
      "fourn_multicurrency_id": null,
      "fourn_multicurrency_code": null,
      "packaging": null,
      "lifetime": null,
      "qc_frequency": null,
      "stock_reel": null,
      "stock_theorique": null,
      "cost_price": null,
      "pmp": "0.00000000",
      "seuil_stock_alerte": "0",
      "desiredstock": "0",
      "duration_value": "",
      "fk_default_workstation": null,
      "duration_unit": "",
      "tosell": null,
      "status_buy": "0",
      "tobuy": null,
      "finished": null,
      "fk_default_bom": null,
      "status_batch": "0",
      "batch_mask": "",
      "customcode": "",
      "url": null,
      "weight": null,
      "weight_units": null,
      "length": null,
      "length_units": null,
      "width": null,
      "width_units": null,
      "height": null,
      "height_units": null,
      "surface": null,
      "surface_units": null,
      "volume": null,
      "volume_units": null,
      "net_measure": null,
      "net_measure_units": null,
      "accountancy_code_sell": "",
      "accountancy_code_sell_intra": "",
      "accountancy_code_sell_export": "",
      "accountancy_code_buy": "",
      "accountancy_code_buy_intra": "",
      "accountancy_code_buy_export": "",
      "barcode": null,
      "stock_warehouse": [],
      "fk_default_warehouse": null,
      "fk_price_expression": null,
      "fourn_qty": null,
      "fk_unit": null,
      "price_autogen": "0",
      "is_object_used": null,
      "mandatory_period": "0",
      "duration": ""
    }
  ],
  "invoices": [
    {
      "id": "1",
      "entity": "1",
      "import_key": null,
      "array_options": [],
      "array_languages": null,
      "contacts_ids": [],
      "linked_objects": [],
      "linkedObjectsIds": null,
      "fk_project": null,
      "contact_id": null,
      "user": null,
      "origin": null,
      "origin_id": null,
      "ref": "(PROV1)",
      "ref_ext": null,
      "statut": "0",
      "status": "0",
      "country_id": null,
      "country_code": null,
      "state_id": null,
      "region_id": null,
      "mode_reglement_id": "1",
      "cond_reglement_id": "1",
      "demand_reason_id": null,
      "transport_mode_id": null,
      "shipping_method_id": null,
      "model_pdf": null,
      "last_main_doc": null,
      "fk_bank": null,
      "fk_account": null,
      "note_public": null,
      "note_private": null,
      "total_ht": "0.00000000",
      "total_tva": "0.00000000",
      "total_localtax1": "0.00000000",
      "total_localtax2": "0.00000000",
      "total_ttc": "0.00000000",
      "lines": [],
      "name": null,
      "lastname": null,
      "firstname": null,
      "civility_id": null,
      "date_creation": 1762688573,
      "date_validation": "",
      "date_modification": 1762688573,
      "date_cloture": null,
      "user_author": "1",
      "user_creation": null,
      "user_creation_id": null,
      "user_valid": null,
      "user_validation": null,
      "user_validation_id": null,
      "user_closing_id": null,
      "user_modification": null,
      "user_modification_id": null,
      "specimen": 0,
      "totalpaid": 0,
      "totaldeposits": null,
      "totalcreditnotes": null,
      "sumpayed": null,
      "sumpayed_multicurrency": null,
      "sumdeposit": null,
      "sumdeposit_multicurrency": null,
      "sumcreditnote": null,
      "sumcreditnote_multicurrency": null,
      "remaintopay": "0",
      "fk_incoterms": "0",
      "label_incoterms": null,
      "location_incoterms": "",
      "brouillon": 1,
      "socid": "1",
      "fk_user_author": "1",
      "fk_user_valid": null,
      "fk_user_modif": null,
      "date": 1762646400,
      "datem": 1762688573,
      "date_livraison": null,
      "delivery_date": null,
      "ref_client": null,
      "ref_customer": null,
      "type": "0",
      "remise_absolue": null,
      "remise_percent": null,
      "revenuestamp": "0.00000000",
      "resteapayer": null,
      "close_code": null,
      "close_note": null,
      "paye": "0",
      "module_source": null,
      "pos_source": null,
      "fk_fac_rec_source": null,
      "fk_facture_source": null,
      "date_lim_reglement": 1762732800,
      "cond_reglement_code": "RECEP",
      "mode_reglement_code": "TIP",
      "line": null,
      "extraparams": [],
      "fac_rec": null,
      "date_pointoftax": "",
      "fk_multicurrency": "0",
      "multicurrency_code": "EUR",
      "multicurrency_tx": "1.00000000",
      "multicurrency_total_ht": "0.00000000",
      "multicurrency_total_tva": "0.00000000",
      "multicurrency_total_ttc": "0.00000000",
      "situation_cycle_ref": null,
      "situation_counter": null,
      "situation_final": "0",
      "tab_previous_situation_invoice": [],
      "tab_next_situation_invoice": [],
      "retained_warranty": "0",
      "retained_warranty_date_limit": "",
      "retained_warranty_fk_cond_reglement": "0",
      "cond_reglement_doc": "Due upon receipt"
    },
    {
      "id": "2",
      "entity": "1",
      "import_key": null,
      "array_options": [],
      "array_languages": null,
      "contacts_ids": [],
      "linked_objects": [],
      "linkedObjectsIds": null,
      "fk_project": null,
      "contact_id": null,
      "user": null,
      "origin": null,
      "origin_id": null,
      "ref": "(PROV2)",
      "ref_ext": null,
      "statut": "0",
      "status": "0",
      "country_id": null,
      "country_code": null,
      "state_id": null,
      "region_id": null,
      "mode_reglement_id": "1",
      "cond_reglement_id": "1",
      "demand_reason_id": null,
      "transport_mode_id": null,
      "shipping_method_id": null,
      "model_pdf": null,
      "last_main_doc": null,
      "fk_bank": null,
      "fk_account": null,
      "note_public": null,
      "note_private": null,
      "total_ht": "0.00000000",
      "total_tva": "0.00000000",
      "total_localtax1": "0.00000000",
      "total_localtax2": "0.00000000",
      "total_ttc": "0.00000000",
      "lines": [],
      "name": null,
      "lastname": null,
      "firstname": null,
      "civility_id": null,
      "date_creation": 1762718728,
      "date_validation": "",
      "date_modification": 1762718728,
      "date_cloture": null,
      "user_author": "1",
      "user_creation": null,
      "user_creation_id": null,
      "user_valid": null,
      "user_validation": null,
      "user_validation_id": null,
      "user_closing_id": null,
      "user_modification": null,
      "user_modification_id": null,
      "specimen": 0,
      "totalpaid": 0,
      "totaldeposits": null,
      "totalcreditnotes": null,
      "sumpayed": null,
      "sumpayed_multicurrency": null,
      "sumdeposit": null,
      "sumdeposit_multicurrency": null,
      "sumcreditnote": null,
      "sumcreditnote_multicurrency": null,
      "remaintopay": "0",
      "fk_incoterms": "0",
      "label_incoterms": null,
      "location_incoterms": "",
      "brouillon": 1,
      "socid": "1",
      "fk_user_author": "1",
      "fk_user_valid": null,
      "fk_user_modif": null,
      "date": 1762646400,
      "datem": 1762718728,
      "date_livraison": null,
      "delivery_date": null,
      "ref_client": null,
      "ref_customer": null,
      "type": "0",
      "remise_absolue": null,
      "remise_percent": null,
      "revenuestamp": "0.00000000",
      "resteapayer": null,
      "close_code": null,
      "close_note": null,
      "paye": "0",
      "module_source": null,
      "pos_source": null,
      "fk_fac_rec_source": null,
      "fk_facture_source": null,
      "date_lim_reglement": 1762732800,
      "cond_reglement_code": "RECEP",
      "mode_reglement_code": "TIP",
      "line": null,
      "extraparams": [],
      "fac_rec": null,
      "date_pointoftax": "",
      "fk_multicurrency": "0",
      "multicurrency_code": "EUR",
      "multicurrency_tx": "1.00000000",
      "multicurrency_total_ht": "0.00000000",
      "multicurrency_total_tva": "0.00000000",
      "multicurrency_total_ttc": "0.00000000",
      "situation_cycle_ref": null,
      "situation_counter": null,
      "situation_final": "0",
      "tab_previous_situation_invoice": [],
      "tab_next_situation_invoice": [],
      "retained_warranty": "0",
      "retained_warranty_date_limit": "",
      "retained_warranty_fk_cond_reglement": "0",
      "cond_reglement_doc": "Due upon receipt"
    }
  ]
}