﻿[{"id":"1","entity":"1","import_key":null,"array_options":[],"array_languages":null,"contacts_ids":null,"linked_objects":null,"linkedObjectsIds":null,"canvas":"","ref":"CONSULT001","ref_ext":null,"status":"0","country_id":null,"country_code":"","state_id":null,"region_id":null,"barcode_type":null,"barcode_type_coder":null,"last_main_doc":null,"note_public":null,"note_private":null,"total_ht":null,"total_tva":null,"total_localtax1":null,"total_localtax2":null,"total_ttc":null,"date_creation":"2025-11-09 11:42:53","date_validation":null,"date_modification":"2025-11-09 11:42:53","date_cloture":null,"user_author":null,"user_creation":null,"user_creation_id":null,"user_valid":null,"user_validation":null,"user_validation_id":null,"user_closing_id":null,"user_modification":null,"user_modification_id":null,"specimen":0,"label":"Accounting service","description":"","other":null,"type":"1","price":"1000.00000000","price_formated":null,"price_ttc":"1000.00000000","price_ttc_formated":null,"price_min":"0.00000000","price_min_ttc":"0.00000000","price_base_type":"","multiprices":[],"multiprices_ttc":[],"multiprices_base_type":[],"multiprices_min":[],"multiprices_min_ttc":[],"multiprices_tva_tx":[],"prices_by_qty":[],"prices_by_qty_list":[],"multilangs":[],"default_vat_code":null,"tva_tx":"0.0000","remise_percent":null,"localtax1_tx":"0.0000","localtax2_tx":"0.0000","localtax1_type":"0","localtax2_type":"0","desc_supplier":null,"vatrate_supplier":null,"default_vat_code_supplier":null,"fourn_multicurrency_price":null,"fourn_multicurrency_unitprice":null,"fourn_multicurrency_tx":null,"fourn_multicurrency_id":null,"fourn_multicurrency_code":null,"packaging":null,"lifetime":null,"qc_frequency":null,"stock_reel":null,"stock_theorique":null,"cost_price":null,"pmp":"0.00000000","seuil_stock_alerte":"0","desiredstock":"0","duration_value":"","fk_default_workstation":null,"duration_unit":"","tosell":null,"status_buy":"0","tobuy":null,"finished":null,"fk_default_bom":null,"status_batch":"0","batch_mask":"","customcode":"","url":null,"weight":null,"weight_units":null,"length":null,"length_units":null,"width":null,"width_units":null,"height":null,"height_units":null,"surface":null,"surface_units":null,"volume":null,"volume_units":null,"net_measure":null,"net_measure_units":null,"accountancy_code_sell":"","accountancy_code_sell_intra":"","accountancy_code_sell_export":"","accountancy_code_buy":"","accountancy_code_buy_intra":"","accountancy_code_buy_export":"","barcode":null,"stock_warehouse":[],"fk_default_warehouse":null,"fk_price_expression":null,"fourn_qty":null,"fk_unit":null,"price_autogen":"0","is_object_used":null,"mandatory_period":"0","duration":""}]
